Manufacturer,Model,Image,Class,Cabin,Also Called,Country of Origin,regions sold
American LaFrance,American Lafrance Condor,,Medium,COE,-,United States,"United States, Canada, Mexico"
Agrale,Agrale 6500,,Light,COE,-,Brazil,"South America, Cuba"
Agrale,Agrale 8700,,Light,COE,Agrale 8700 TR,Brazil,"South America, Cuba"
Agrale,Agrale 10000,,Light,COE,-,Brazil,"South America, Cape Verde"
Agrale,Agrale 14000,,Light/Medium,COE,Agrale 14000 6x2,Brazil,"South America, Cape Verde"
AMW,AMW TP Series,,Heavy,COE,-,India,India
Ashok Leyland,Ashok Layland Avia,,Light,COE,-,India,"South Asia, Middle East, East Africa"
Ashok Leyland,Ashok Leyland U-Truck,,Heavy,COE,-,India,"South Asia, Middle East, East Africa"
Askam,Askam AS 950,,Medium,Conventional,-,Turkey,Turkey
Askam,Askam 8 Litre,,Heavy,COE,-,Turkey,"Turkey, Romania, Bulgaria"
Askam,Askam Hi-Ex,,Heavy,COE,-,Turkey,"Turkey, Romania, Bulgaria"
Astra,Astra HD9,,Heavy,COE,-,Italy,"Europe (except Germany, Sweden, Serbia)AfricaSouth America, Cuba, MexicoAsia (except India, Japan, South Korea)Ozeania"
AMW,AMW TR Series,,Heavy,COE,-,India,India
AMW,AMW HL Series,,Heavy,COE,-,India,India
AMW,AMW TM Series,,Heavy,COE,-,India,India
AMW,AMW CP Series,,Heavy,COE,-,India,India
Autocar,Autocar Xspotter,,Light,COE,-,United States,"United States, Canada, Mexico"
Autocar,Autocar Expert,,Medium,COE,-,United States,"United States, Canada, Mexico"
Autocar,Autocar Refuse,,Heavy,COE,-,United States,"United States, Canada, Mexico"
Avia Trucks,Avia D-Line,,Light,COE,-,Czech Republic,"Czech Republic, Germany, Russia"
BeiBen,BeiBen V3 Series,,Heavy,COE,-,China,"China, South Africa, Eastern Africa, Southeastern Asia"
BeiBen,BeiBen NG80 Series,,Heavy,COE,-,China,"China, South Africa, Eastern Africa, Southeastern Asia"
BeiBen,BeiBen Eurysome,,Heavy,COE,-,China,China
BeiBen,BeiBen Tiema Series,,Heavy,COE,-,China,China
Beijing Automobile Works,BAW Dragon Flag,,Light,COE,-,China,China
Beijing Automobile Works,BAW Bell,,Light,COE,-,China,China
BharatBenz,BharatBenz 914,,Light,COE,-,India/Germany,India
BharatBenz,BharatBenz 1214,,Medium,COE,-,India/Germany,India
BharatBenz,BharatBenz 2523,,Heavy,COE,-,India/Germany,India
BharatBenz,BharatBenz 3128,,Heavy,COE,-,India/Germany,India
BharatBenz,BharatBenz 3143,,Heavy,COE,-,India/Germany,India
BharatBenz,BharatBenz 3723,,Heavy,COE,-,India,India
Bryansk Automobile Plant,BAZ-69096,,Military Heavy,Cabin before engine,,Russia,Russia
Bryansk Automobile Plant,BAZ-69096 (civilian version),,Heavy,Cabin before engine,,Russia,Russia
Bryansk Automobile Plant,BAZ-64022,,Military Heavy,Cabin before engine,,Russia,Russia
BMC (Turkey),BMC Fatih,,Heavy,COE,-,Turkey,Turkey
BMC,BMC Profesyonel,,Light/Medium/Heavy,COE,-,Turkey,Turkey
Caterpillar,CAT CT660,,Heavy,Conventional,-,United States,"United States, Canada, Australia"
CEV,Might-E Truck,,Light,COE,-,Canada,"Canada, United States"
Chevrolet,Chevrolet NHR,,Light,COE,"Isuzu Grafter(United Kingdom), Isuzu Lingqingka (China), Isuzu Reward, Chevrolet N-Series, HICOM Perkasa",Japan,Columbia
Chevrolet,Chevrolet NKR,,Light,COE,"Isuzu Grafter(United Kingdom), Isuzu Lingqingka (China), Isuzu Reward, Chevrolet N-Series, HICOM Perkasa",Japan,Columbia
Chevrolet,Chevrolet N-Series,,Light,COE,"Isuzu Grafter(United Kingdom), Isuzu Lingqingka (China), Isuzu Reward, Chevrolet NHR, Chevrolet NKR, HICOM Perkasa",Japan,Egypt
Chevrolet,Chevrolet Express Cutaway,,Light,Conventional,GMC Savana,United States,"United States, Canada, Mexico, Middle East"
Chevrolet,Chevrolet FTR,,Medium,COE,-,Japan,Columbia
Chevrolet,Chevrolet FVR,,Heavy,COE,-,Japan,Columbia
Chevrolet,Chevrolet FVZ,,Heavy,COE,-,Japan,Columbia
Chevrolet,Chevrolet CYZ,,Heavy,COE,-,Japan,Columbia
Citroën,Citroën Jumper,,Light,Conventional,"Fiat Ducato, Peugeot Boxer",Italy,"Europe, Middle East, Algeria, South Africa, Morocco, Western Africa"
CCC,CCC LET2,,Medium,COE,CCC LET2 CC,United States,"United States, Canada"
CCC,CCC COE2,,Medium,COE,-,United States,"United States, Canada"
CCC,CCC LOT2,,Medium,COE,-,United States,"United States, Canada"
CNJ,CNJ Fortune,,Light,COE,-,China,China
CNJ,CNJ Ruichi,,Light,COE,-,China,China
DAF Trucks,DAF LF,,Light,COE,-,The Netherlands,"worldwide, except North America and Japan"
DAF Trucks,DAF CF,,Heavy,COE,-,The Netherlands,"Worldwide, except North America and Japan"
DAF Trucks,DAF XF,,Heavy,COE,-,The Netherlands,"Worldwide, except North America and Japan"
Dayun,Dayun CGC1047PB33E3,,Light,COE,Dayun CGC1048PX28E3,China,"China, South East Asia, Middle East, Russia, France, Africa, Cuba, Venezuela, Brazil"
Dayun,Dayun CGC1141,,Heavy,COE,-,China,"China, South East Asia, Middle East, Russia, France, Africa, Cuba, Venezuela, Brazil"
Dayun,Dayun DYX1250,,Heavy,COE,-,China,China
Dayun,Dayun CGC1311,,Heavy,COE,-,China,China
Dayun,Dayun DYX5310,,Heavy,COE,-,China,"China, South East Asia, Middle East, Russia, France, Africa, Cuba, Venezuela, Brazil"
Dina,Dina Hustler,,Light,COE,-,Mexico,"Mexico, Nicaragua, United States, Canada"
Dongfeng,Dongfeng Palawan,,Light,COE,"Nissan Cabstar(Europe, Australia, China), Nissan Atlas H41 Series(Malaysia), UD Kuzer UE Series(Malaysia), Nissan Atlas, Renault Maxity, Renault Samsung SV110, UD Condor, Yue Loong Homer, Isuzu N-Series",Japan,China
Dongfeng,Dongfeng Gold Fighter,,Light,COE,-,China,China
Dongfeng,Dongfeng Chenglong,,Light,COE,-,China,China
Dongfeng,Dongfeng Kang PA,,Light,COE,-,China,China
Dongfeng,Dongfeng Star,,Light,COE,-,China,China
Dongfeng,Dongfeng Badly,,Light,COE,-,China,China
Dongfeng,Dongfeng Days Kam,,Medium,COE,-,China,China
Dongfeng,Dongfeng Likas,,Medium,COE,-,China,China
Dongfeng,Dongfeng King Kong,,Medium,COE,-,China,China
Dongfeng,Dongfeng Tianlong,,Heavy,COE,-,China,China
Dongfeng,Dongfeng Titan,,Heavy,COE,-,China,China
Dongfeng,Dongfeng Balong Heavy Truck,,Heavy,COE,-,China,China
Dongfeng,Dongfeng Dragon Card,,Heavy,Conventional,-,China,China
FAP,FAP 1318,,Light,COE,-,Serbia,Serbia
FAP,FAP 1824,,Light,COE,-,Serbia,Serbia
FAP,FAP 1828,,Light,COE,FAP 1829,Serbia,Serbia
FAP,FAP 1830,,Heavy,COE,-,Serbia,Serbia
FAP,FAP 2235,,Light,COE,FAP 2236,Serbia,Serbia
FAP,FAP 2640,,Heavy,COE,-,Serbia,Serbia
FAW,FAW CA1051K26L3,,Light,COE,FAW CA1051K26L4,China,China
FAW,FAW CA1051K26L3R5,,Light,COE,FAW CA1051K26L4R5 FAW CA1061K28L5R5 FAW CA1061K28L6R5,China,China
FAW,FAW CA1037K2L,,Light,COE,FAW CA1037K2L2 FAW CA1047K26L FAW CA1047K26L2,China,China
FAW,FAW CA1031K2LR5,,Light,COE,FAW CA1041K26LR5 FAW CA1041K26L2R5,China,China
FAW,FAW CA1031K2L,,Light,COE,FAW CA1031K2L2 FAW CA1041K26L FAW CA1041K26L2COE,China,China
FAW,FAW CA5313CLXYP7K2L11T4,,Medium,COE,FAW CA1258P1K2L7T1 FAW CA5167XXYP11K2L7 FAW CA1126P1K2L2 FAW CA1121J FAW CA1083P9K2L2,China,China
FAW,FAW CA3075K2,,Medium,Conventional,FAW CA1093K2 FAW CA1097K2,China,China
FAW,FAW CA4322P21K15T1YA82,,Medium,COE,FAW CA3320P2K1T1YA80 FAW CA1121PK2L2Y FAW CA1070K28L3Y,China,China
FAW,FAW CA3313P7K2T4A,,Heavy,COE,FAW CA3250P1K2T1 FAW CA3252P2K2T1A1 FAW CA3312P2K2T4A1,China,China
FAW,FAW CA4252P21K2T1A,,Heavy,COE,FAW CA4182P21K2 FAW CA4163P7K2 FAW CA4180P66K2E FAW CA4250P66K22T1A2E FAW CA4260P66K22T1A,China,"China, Russia"
FAW,FAW J6,,Heavy,COE,-,China,"China, Iran, Russia"
FAW-GM,Jie Fang 1-Ton Truck,,Light,COE,-,China/United States,China
FAW-GM,Jie Fang 2-Ton Truck,,Medium,COE,-,China/United States,China
FAW-GM,Jie Fang 3-Ton Truck,,Heavy,COE,-,China/United States,China
Fiat,Fiat Ducato,,Light,Conventional,"Peugeot Boxer, Citroën Jumper",Italy,"Europe, South Africa"
Ford,Ford F-650/750,,Medium,Conventional,-,United States,"United States, Canada, Mexico"
Ford,Ford Econoline Cataway,,Light,Conventional,-,United States,"United States, Canada, Mexico"
Ford,Ford Cargo,,Light/Medium/Heavy,COE,-,Brazil and Turkey(formally United States),"Europe, Brazil"
Ford Otosan,Ford F-MAX,,Heavy,COE,-,Turkey,Europe
Foton,Foton Aumark Series,,Light,COE,Master Foton,China,"China, Algeria, South East Asia, Russia, Columbia, Peru, South Africa, Middle East"
Foton,Foton Ollin Series,,Light,COE,-,China,"China, Algeria, South East Asia, Russia, Columbia, Peru, South Africa, Middle East"
Foton,Foton Auman Series,,Heavy,COE,-,China,"China, Algeria, South East Asia, Russia, Columbia, Peru, South Africa, Middle East"
Freightliner,Freigtliner M2 106,,Medium,Conventional,-,United States,North America
Freightliner,Freightliner M2 112,,Medium,Conventional,"Freightliner Columbia (South Africa, Australia, New Zealand)",United States,"North America, South Africa, Australia, New Zealand"
Freightliner,Freightliner Coronado Series,,Heavy,Conventional,-,United States,"North America, Australia, New Zealand"
Freightliner,Freightliner Cascadia,,Heavy,Conventional,-,United States,North America
Freightliner,Freightliner 108SD,,Heavy,Conventional,-,United States,North America
Freightliner,Freightliner 114SD,,Heavy,Conventional,-,United States,North America
Freightliner,Freightliner Century Class,,Heavy,Conventional,-,Australia(formally United States),Australia
Freightliner,Freightliner Argosy,,Heavy,COE,-,Australia/South Africa(Formally United States),"Australia, New Zealand, South Africa"
GAZ,GAZ 3307 /3309,,Medium,Conventional,-,Russia,"Russia, Eastern Europe"
GAZ,GAZ 3308 Sadko,,Medium,Conventional,-,Russia,"Russia, Eastern Europe"
GAZ,GAZ Gazelle,,Light,Conventional,GAZelle Business,Russia,"Russia, Eastern Europe, Turkey"
GAZ,GAZelle NEXT,,Light,Conventional,-,Russia,"Russia, Eastern Europe"
GAZ,GAZon NEXT,,Medium,Conventional,-,Russia,"Russia, Eastern Europe"
GAZ,GAZ Sadko NEXT,,Medium,Conventional,-,Russia,"Worldwide, except EU, North America"
GAZ,GAZ Valdai,,Medium,Conventional,-,Russia,"Russia, Eastern Europe"
GINAF,GINAF C-Series,,Medium,COE,-,The Netherlands,Western Europe
GINAF,GINAF X-Series,,Heavy,COE,-,The Netherlands,Western Europe
Hino,Hino 300 Series,,Light,COE,"Hino 195(United States, Canada, and Mexico)",Japan,"Asia Pacific, United States, Canada, Mexico, South America, Russia"
Hino,Hino 238,,Medium,Conventional,"Hino 258, Hino 338",United States/Canada,"United States, Canada, Mexico"
Hino,Hino 500 Series,,Medium,COE,-,Japan,"Asia Pacific, Canada, United States, South America, Russia"
Hino,Hino 700 Series,,Heavy,COE,-,Japan,"Asia Pacific, South America, Russia"
Hyundai,Hyundai HD45,,Light,COE,-,South Korea,South Korea
Hyundai,Hyundai HD65/72/78,,Light,COE,-,South Korea,"South Korea, Russia"
Hyundai,Hyundai H350,,Light,Conventional,-,South Korea,Europe
Hyundai,Hyundai Mighty,,Light,COE,-,South Korea,"Asia Pacific, Middle East, Russia"
Hyundai,Hyundai HD120/210,,Medium,COE,-,South Korea,"South Korea, Russia"
Hyundai,Hyundai Cargo Truck,,Heavy,COE,-,South Korea,"South Korea, Russia"
Hyundai,Hyundai Xcient,,Heavy,COE,-,South Korea,"Asia Pacific, Middle East, Russia"
Iran Khodro Diesel,Khawar 1934,,Heavy,Conventional,Khawar 2694,(Originally)Germany(Currently)Iran,Iran
Isuzu,Isuzu N-Series,,Light,COE,"Nissan Cabstar(Europe, Australia, China), Nissan Atlas H41 Series(Malaysia), UD Kuzer UE Series(Malaysia), Nissan Atlas, Renault Maxity, Renault Samsung SV110, UD Condor, Yue Loong Homer, Dong Feng Pahlawan, Isuzu N-Series",Japan,Malaysia
Isuzu,Mazda Titan,,Light,COE,"Isuzu Elf, Ford Trader",Japan,Japan
Isuzu,Isuzu Elf,,Light,COE,"Isuzu Grafter(United Kingdom), Isuzu Lingqingka (China), Isuzu Reward, Chevrolet NHR, Chevrolet NKR, Chevrolet N-Series, HICOM Perkasa",Japan,"Worldwide, except Korea"
Isuzu,Isuzu Forward,,Medium,COE,"Isuzu Borneo(Indonesia), Isuzu Heavy Duty, Isuzu F-Series, Chevrolet FTR",Japan,"Worldwide, except Korea and North America"
Isuzu,Isuzu Giga,,Heavy,COE,"Chevrolet FVR, Chevrolet FVZ, Isuzu C/E-Series Mark II",Japan,"Asia-Pacific, Mid-East, Africa, South America, Russia"
Iveco,Iveco Daily,,"Light, Medium",Conventional,-,Italy,"Europe, Australia, Africa, Middle East, Taiwan, Latin America"
Iveco,Iveco PowerStar,,Heavy,Conventional,Iveco Strator(Europe),Australia,"Australia, New Zealand, Europe"
Iveco,Iveco Eurocargo,,Light,COE,-,Germany,"Worldwide, except North America"
Iveco,Iveco Trakker,,Heavy,COE,-,Germany,"worldwide, except North America"
Iveco,Iveco Stralis,,Heavy,COE,-,Germany,"worldwide, except North America"
JAC,JAC 4DA1 Series,,Light,COE,-,China,China
JAC,JAC FHC Series,,Light,COE,-,China,China
JAC,JAC Shuailing,,Medium,COE,-,China,China
JAC,JAC Tipper,,Heavy,COE,-,China,China
JAC,JAC Tractor,,Heavy,COE,-,China,China
JMC,JMC Carrying,,Light,COE,-,China,China
Kalmar Industries,Kalmar 4x2 off Highway,,Medium,COE,-,Finland,"Europe, North America, Australia, China, India, Japan, Indonesia, South Korea, Middle East, Singapore"
Kalmar Industries,Kalmar TR-Series,,Medium,COE,-,Finland,"Europe, North America, Australia, China, India, Japan, Indonesia, South Korea, Middle East, Singapore"
KAMAZ,KAMAZ 43253,,Heavy,COE,KAMAZ 43215,Russia,"Russia, Eastern Europe, Latin America, China, Middle East, North Africa, Central Asia, Singapore"
KAMAZ,KAMAZ 43114,,Heavy,COE,KAMAZ 43118,Russia,"Russia, Eastern Europe, Latin America, China, Middle East, North Africa, Central Asia, Singapore"
KAMAZ,KAMAZ 65207,,Heavy,COE,-,Russia,"Russia, Eastern Europe, Central Asia"
KAMAZ,KAMAZ 65117,,Heavy,COE,-,Russia,Russia
KAMAZ,KAMAZ 4326,,Medium,COE,-,Russia,Russia
KAMAZ,KAMAZ 4308,,Medium,COE,-,Russia,"Russia, Eastern Europe, Latin America, China, Middle East, North Africa, Central Asia, Singapore"
KAMAZ,KAMAZ 54115,,Heavy,COE,-,Russia,"Russia, Central Europe, Central Asia"
KAMAZ,KAMAZ 5460,,Heavy,COE,-,Russia,"Russia, Central Europe, Central Asia"
KAMAZ,KAMAZ 5490,,Heavy,COE,-,Russia,"Russia, Central Europe, Central Asia"
KAMAZ,KAMAZ 65116,,Heavy,COE,-,Russia,"Russia, Central Europe, Central Asia"
KAMAZ,KAMAZ 65206,,Heavy,COE,-,Russia,"Russia, Central Europe, Central Asia"
KAMAZ,KAMAZ 6460,,Heavy,COE,-,Russia,"Russia, Central Europe, Central Asia"
KAMAZ,KAMAZ 44108,,Heavy,COE,-,Russia,"Russia, Central Europe, Central Asia"
KAMAZ,KAMAZ 65201,,Heavy,COE,-,Russia,"Russia, Eastern Europe"
KAMAZ,KAMAZ 65224,,Heavy,COE,-,Russia,Russia
KAMAZ,KAMAZ 65225,,Heavy,COE,-,Russia,"Russia, Central Europe, Central Asia"
KAMAZ,KAMAZ 65226,,Heavy,COE,-,Russia,"Russia, Central Europe, Central Asia"
Kia,Kia Bongo,,Light,COE,"Kia K-Series(Europe, Australia and South America), Kia Besta, Kia Travello (Indonesia)",South Korea,"Asia (except Japan), Europe, Oceania, South America"
Kenworth,Kenworth K270,,Light,COE,Kenworth K370,United States,"United States, Canada, Mexico"
Kenworth,Kenworth T170,,Medium,Conventional,Kenworth T270/T370/T440/T470,United States,"United States, Canada, Mexico"
Kenworth,Kenworth T409SAR,,Heavy,Conventional,-,Australia,Australia
Kenworth,Kenworth T359,,Heavy,Conventional,-,Australia,Australia
Kenworth,Kenworth C500,,Heavy,Conventional,-,United States,"United States, Canada, Mexico"
Kenworth,Kenworth C509,,Heavy,Conventional,-,Australia,Australia
Kenworth,Kenworth T800,,Heavy,Conventional,-,United States,"United States, Canada, Mexico"
Kenworth,Kenworth W900,,Heavy,Conventional,-,United States,"United States, Canada, Mexico"
Kenworth,Kenworth T660,,Heavy,Conventional,-,United States,"United States, Canada, Mexico"
Kenworth,Kenworth T659,,Heavy,Conventional,-,Australia,Australia
Kenworth,Kenworth T700,,Heavy,Conventional,-,United States,"United States, Canada, Mexico"
Kenworth,Kenworth T680,,Heavy,Conventional,-,United States,"United States, Canada, Mexico"
Kenworth,Kenworth T880,,Heavy,Conventional,-,United States,"United States, Canada, Mexico"
Kenworth,Kenworth T909,,Heavy,Conventional,-,Australia,Australia
KrAZ,KrAZ-6322,,Heavy,Conventional,"KrAZ-63221,  KrAZ-6446",Ukraine,"Eastern Europe, South Eastern Asia, Cuba, Egypt"
KrAZ,KrAZ-6505,,Heavy,Conventional,"KrAZ-65055, KrAZ-65053, KrAZ S18.0",Ukraine,"Eastern Europe, South Eastern Asia, Cuba, Egypt"
KrAZ,KrAZ-6510,,Heavy,Conventional,KrAZ-650101,Ukraine,"Eastern Europe, South Eastern Asia, Cuba, Egypt"
KrAZ,KrAZ-6443,,Heavy,Conventional,-,Ukraine,"Eastern Europe, South Eastern Asia, Cuba, Egypt"
KrAZ,KrAZ-5233,,Heavy,Conventional,-,Ukraine,"Eastern Europe, South Eastern Asia, Cuba, Egypt"
KrAZ,KrAZ H12.2,,Heavy,COE,KrAZ K12.2,Ukraine,"Eastern Europe, South Eastern Asia, Cuba, Egypt"
KrAZ,KrAZ H23.2,,Heavy,COE,KrAZ-6511,Ukraine,"Eastern Europe, South Eastern Asia, Cuba, Egypt"
KrAZ,KrAZ S20.2,,Heavy,COE,-,Ukraine,"Eastern Europe, South Eastern Asia, Cuba, Egypt"
KrAZ,KrAZ S26.2M,,Heavy,COE,-,Ukraine,"Eastern Europe, South Eastern Asia, Cuba, Egypt"
KrAZ,KrAZ H27.3,,Heavy,COE,-,Ukraine,"Eastern Europe, South Eastern Asia, Cuba, Egypt"
KrAZ,KrAZ-5401,,Heavy,COE,-,Ukraine,"Eastern Europe, South Eastern Asia, Cuba, Egypt"
Mack Trucks,Mack Pinnacle Series,,Heavy,Conventional,Mack Vision Elite(Venezuela and Peru),United States,"United States, Canada, Peru, Venezuela"
Mack Trucks,Mack Titan,,Heavy,Conventional,-,Australia,"Australia, United States, Canada"
Mack Trucks,Mack Granite,,Heavy,Conventional,Mack Granite Elite(Peru and Venezuela),United States,"United States, Canada, Mexico, Venezuela, Peru, Australia"
Mack Trucks,Mack TerraPro,,Heavy,Conventional,-,United States,"United States, Canada, Mexico"
Mack Trucks,Mack Metro-Liner,,Heavy,Conventional,-,Australia,Australia
Mack Trucks,Mack Super-Liner,,Heavy,Conventional,-,Australia,Australia
Mahindra Navistar,Mahindra Navistar DI3200,,Light,COE,-,India/United States,India
Mahindra Navistar,Mahindra Navistar Loadking Zoom,,Light,COE,-,India/United States,India
Mahindra Navistar,Mahindra Navistar Torro,,Medium,COE,-,India/United States,India
Mahindra Navistar,Mahindra Navistar Traco,,Medium,COE,-,India/United States,India
Mahindra Navistar,Mahindra Navistar Truxo,,Medium,COE,-,India/United States,India
Master,Master Highland,,Light,COE,-,Pakistan,Pakistan
Master,Master Forland,,Light,COE,-,Pakistan,Pakistan
Master,Master Foton,,Light,COE,Foton Aumark Series,China,Pakistan
Master,Master Grande,,Medium,COE,-,Pakistan,Pakistan
MAZ,MAZ-5309,,Medium,COE,MAZ-6501,Belarus,Eastern Europe
MAZ,MAZ-4371,,Medium,COE,-,Belarus,Eastern Europe
MAZ,MAZ-447131,,Heavy,COE,"MAZ-6430, MAZ-5440 А3",Belarus,Eastern Europe
MAZ,MAZ-6440,,Heavy,Conventional,-,Belarus,Eastern Europe
MAZ,MAZ-6312,,Heavy,COE,-,Belarus,Eastern Europe
MAZ,MAZ-5440,,Heavy,COE,-,Belarus,Eastern Europe
MAZ,MAZ-5433,,Heavy,COE,-,Belarus,Eastern Europe
Mercedes-Benz,Mercedes-Benz Atego,,Light,COE,-,Germany,worldwide(except North America)
Mercedes-Benz,Mercedes-Benz Axor,,Medium/Heavy,COE,-,Germany,worldwide(except North America)
Mercedes-Benz,Mercedes-Benz Unimog,,Medium,Conventional,-,Germany,worldwide
Mercedes-Benz,Mercedes-Benz Zetros,,Medium,Conventional,-,Germany,Europe
Mercedes-Benz,Mercedes-Benz Actros,,Heavy,COE,-,Germany,Worldwide(except North America)
Mercedes-Benz,Mercedes-Benz Arocs,,Heavy,COE,-,Germany,worldwide(except North America)
Mercedes-Benz,Mercedes-Benz Sprinter,,Light,Conventional,Freightliner Sprinter,Germany,"Europe, Ghana, Morocco, Algeria, Tunisia, South Africa, Nigeria, Australia, New Zealand, China, Middle East, North America, Latin America"
Mitsubishi Fuso,Mitsubishi Fuso Canter,,Light,COE,-,Japan,worldwide
Mitsubishi Fuso,Mitsubishi Fuso Fighter,,Medium,COE,-,Japan,"Asia, Oceania, Africa"
Mitsubishi Fuso,Mitsubishi Fuso The Great,,Heavy,COE,-,Japan,Japan
Mitsubishi Fuso,Mitsubishi Fuso Super Great,,Heavy,COE,-,Japan,"Japan, Asia-Pacific, Mid-East, Africa, South America"
MZKT,MZKT - 75165,,Medium,COE,"MZKT - 65151, MZKT - 6527, MZKT - 652511",Belarus,Belarus
MZKT,MZKT - 7402,,Heavy,COE,"MZKT - 74171, MZKT - 74173, MZKT - 692374, MZKT - 7401, MZKT - 74171, MZKT - 692374, MZKT - 74132",Belarus,Belarus
MZKT,MZKT - 692371,,Heavy,COE,"MZKT - 692382, MZKT - 652511-2010, MZKT - 652513, MZKT - 652712, MZKT - 65271, MZKT - 65274, MZKT - 7001, MZKT - 7003, MZKT - 7004, MZKT - 79091, MZKT - 79092, MZKT - 790986, MZKT - 79191, MZKT - 69234 MZKT - 79081",Belarus,Belarus
Navistar International,International Citystar,,Light,COE,-,Mexico(Formally United States),Mexico
Navistar International,International LoadStar,,Medium,COE,-,United States,"United States, Canada"
Navistar International,International TerraStar,,Medium,Conventional,-,United States,"United States, Canada"
Navistar International,International DuraStar,,Medium,Conventional,-,United States,"United States, Canada, Mexico, Brazil, Middle East"
Navistar International,International Transtar,,Heavy,Conventional,-,United States,"United States, Canada, South Africa"
Navistar International,International 9200i,,Heavy,Conventional,-,Mexico,Mexico
Navistar International,International 9400i,,Heavy,Conventional,-,Mexico,Mexico
Navistar International,International 9800i,,Heavy,COE,International 9800(South Africa),Brazil,"Brazil, South Africa"
Navistar International,International 9900i,,Heavy,Conventional,-,United States,"United States, Canada, Mexico, Brazil"
Navistar International,International LoneStar,,Heavy,Conventional,-,United States,"United States, Canada"
Navistar International,International WorkStar,,Heavy,Conventional,-,United States,"United States, Canada, Mexico, Middle East, South Africa"
Navistar International,International PayStar,,Heavy,Conventional,-,United States,"United States, Canada, Middle East"
Navistar International,International ProStar+,,Heavy,Conventional,International ProStar(Russia),United States,"United States, Canada, Mexico, Russia"
Nissan,Nissan Atlas,,light,COE,"Nissan Cabstar(Europe, Australia, China), Nissan Atlas H41 Series(Malaysia), UD Kuzer UE Series(Malaysia), Renault Maxity, Renault Samsung SV110, UD Condor, Yue Loong Homer, Dong Feng Pahlawan, Isuzu N-Series",Japan,"worldwide, except United States and Canada"
Nissan,Renault Maxity,,Light,COE,"Nissan Cabstar(Europe, Australia, China), Nissan Atlas H41 Series(Malaysia), Nissan Atlas, Renault Samsung SV110, UD Condor, Yue Loong Homer, Dong Feng Pahlawan, Isuzu N-Series",Japan,Europe
MAN,MAN TGE,,Light,COE,-,Poland,"Europe, Asia"
MAN,MAN TG L,,Light,COE,-,Germany,"Europe, Asia, Africa, South America"
MAN,MAN TGM,,Medium,COE,-,Germany,"Europe, Asia, Africa, South America"
MAN,MAN TGS,,Heavy,COE,-,Germany,"Europe, Asia, Africa, South America"
MAN,MAN TGX,,Heavy,COE,-,Germany,"Europe, Asia, Africa, South America"
Peterbilt,Peterbilt 210,,Light,COE,Peterbilt 220,United States,"United States, Canada, Mexico"
Peterbilt,Peterbilt 320,,Light,COE,-,United States,"United States, Canada, Mexico"
Peterbilt,Peterbilt 325,,Medium,Conventional,-,United States,"United States, Canada, Mexico"
Peterbilt,Peterbilt 348,,Medium,Conventional,Peterblit 337,United States,"United States, Canada, Mexico"
Peterbilt,Peterbilt 365,,Medium,Conventional,Peterblit 365,United States,"United States, Canada, Mexico"
Peterbilt,Peterbilt 382,,Heavy,Conventional,-,United States,"United States, Canada, Mexico"
Peterbilt,Peterbilt 384,,Heavy,Conventional,-,United States,"United States, Canada, Mexico"
Peterblit,Peterbilt 386,,Heavy,Conventional,-,United States,"United States, Canada, Mexico"
Peterbilt,Peterbilt 389,,Heavy,Conventional,-,United States,"United States, Canada, Mexico"
Peterbilt,Peterbilt 587,,Heavy,Conventional,-,United States,"United States, Canada, Mexico"
Peterbilt,Peterbilt 579,,Heavy,Conventional,-,United States,"United States, Canada, Mexico"
Peugeot,Peugeot Boxer,,Light,Conventional,"Citroën Jumper, Fiat Ducato",Italy,"Europe, Argentina"
Renault Trucks,Renault Midlum,,Light,COE,-,France,"Worldwide, except United States, Canada, and Japan"
Renault Trucks,Renault Access,,Medium,COE,-,France,"Worldwide, except United States, Canada, and Japan"
Renault Trucks,Renault Kerax,,Medium/Heavy,COE,-,France,"Worldwide, except United States, Canada, and Japan"
Renault Trucks,Renault Premium,,Heavy,COE,-,France,"Worldwide, except United States, Canada, and Japan"
Renault Trucks,Renault C,,Medium/Heavy,COE,-,France,Europe
Renault Trucks,Renault T,,Heavy,COE,-,France,Europe
Roman,Roman 12.250 F,,Medium,COE,-,Romania,Romania
SAIC-Iveco Hongyan,Hongyan Cargo Truck,,Heavy,COE,-,China/Italy,China
SAIC-Iveco Hongyan,Hongyan Tractor,,Heavy,COE,-,China/Italy,China
SAIC-Iveco Hongyan,Hongyan Dump Truck,,Heavy,COE,-,China/Italy,China
SAIC-Iveco Hongyan,Hongyan Tanker Truck,,Heavy,COE,-,China/Italy,China
Scania,Scania P-series,,Medium/Heavy,COE,-,Sweden,"Worldwide, except United States and Canada"
Scania,Scania G-series,,Medium/Heavy,COE,-,Sweden,"Worldwide, except United States and Canada"
Scania,Scania R-series,,Heavy,COE,-,Sweden,"Worldwide, except United States and Canada"
Shaanxi,Shaanxi Olong Tractor Truck,,Heavy,COE,-,China,China
Shaanxi,Shaanxi Delong Tractor Truck,,Heavy,COE,-,China,China
Silant,Silant 3.3 TD,,Light,Conventional,-,Russia,Russia
Sinotruk,Sinotruk Steyr,,Medium,COE,-,China,"China, Russia, Middle East"
Sinotruk,Sinotruk HOWO T7H,,Heavy,COE,-,"China, Russia, Middle East","China, Russia, Middle East"
Sinotruk,Sinotruk HOWO T5G,,Heavy,COE,-,China,"China, Russia, Middle East"
Sisu,Sisu Polar,,Heavy,COE,-,Finland,Europe
Sisu,Sisu Rock,,Heavy,COE,"Sisu Timber, Sisu Works, Sisu Crane",Finland,Europe
Smith,Smith Newton,,Light,COE,-,United Kingdom,"United Kingdom, United States, Canada"
SML Isuzu,SML Super,,Light,COE,-,India,India
SNVI,SNVI truck M120,,Light,COE,-,Algeria,Africa
SNVI,SNVI truck TC260,,Heavy,COE,-,Algeria,Africa
Tata,Tata Construck,,Medium,COE,-,India,India
Tata,Tata Novus,,Medium,COE,Tata Daewoo Novus,South Korea,"India, Bangladesh, Thailand"
Tata,Tata Prima,,Heavy,COE,Tata Daewoo Prima,India,"India, Bangladesh, Malaysia, Indonesia, Middle East (except Israel, Lebanon, Syria, Iran, Yemen), South Africa"
Tata Daewoo,Tata Daewoo Novus,,Medium,COE,Tata Novus,South Korea,"South Korea, Philippines, Syria, Vietnam"
Tata Daewoo,Tata Daewoo Prima,,Heavy,COE,Tata Prima,India,"South Korea, Philippines, Syria, Vietnam"
Tatra Trucks,Tatra Phoenix,,Heavy,COE,-,Czech Republic,"worldwide, except North America"
Tatra Trucks,Tatra T815 TerrN°2,,Heavy,COE,-,Czech Republic,"worldwide, except North America"
Tatra Trucks,Tatra 810,,Heavy,COE,-,Czech Republic,"worldwide, except North America"
Tatra Trucks,Tatra Jamal,,Heavy,Conventional,-,Czech Republic,worldwide
Toyota,Toyota Dyna,,Light,COE,-,Japan,"Japan, South East Asia, Europe"
UAZ,UAZ-3303,,Light,COE,-,Russia,"Russia, Eastern Europe"
UAZ,UAZ Cargo,,Light,Conventional,-,Russia,"Russia, Eastern Europe, Central Europe"
UD Trucks,Nissan Cabstar,,Light,COE,"Nissan Atlas H41 Series(Malaysia), Nissan Atlas, Renault Maxity, Renault Samsung SV110, UD Condor, Yue Loong Homer, Dong Feng Pahlawan, Isuzu N-Series",Japan,"Europe, Australia, China"
UD Trucks,UD Condor,,Light/Medium,COE,"Nissan Cabstar(Europe, Australia, China), Nissan Atlas H41 Series(Malaysia), UD Kuzer UE Series(Malaysia), Nissan Atlas, Renault Maxity, Renault Samsung SV110, UD Condor, Yue Loong Homer, Dong Feng Pahlawan, Isuzu N-Series",Japan,"Japan, United States, Canada"
UD Trucks,UD Big Thumb,,Heavy,COE,-,Japan,"Japan, China"
UD Trucks,UD Quon,,Heavy,COE,-,Japan,"Asia-Pacific, Mid-East, Africa, South America"
UralAZ,Ural-4320,,Heavy,Conventional,-,Russia,"Russia, Eastern Europe, China, North Africa"
UralAZ,Ural-43206,,Medium,Conventional,-,Russia,"Russia, Eastern Europe, China, North Africa"
UralAZ,Ural-4320-3951,,Heavy,COE,-,Russia,Russia
UralAZ,Ural-432065,,Heavy,Cab front of the engine,-,Russia,Russia
UralAZ,Ural-44202,,Heavy,Conventional,-,Russia,"Russia, Eastern Europe"
UralAZ,Ural-5323,,Heavy,COE,-,Russia,"Russia, Eastern Europe"
UralAZ,Ural-6368,,Heavy,COE,-,Russia,"Russia, Eastern Europe"
UralAZ,Ural-6370,,Heavy,COE,-,Russia,"Russia, Eastern Europe"
UralAZ,Ural Next,,Heavy,COE,-,Russia,"Russia, Eastern Europe"
Volkswagen Truck & Bus,Volkswagen Constellation,,Medium/Heavy,COE,-,Brazil,"Brazil, Mexico, Nigeria, South Africa"
Volkswagen Commercial Vehicles,Volkswagen Crafter,,Light,Conventional,-,Poland,"Europe, Mexico, Taiwan, South Africa, Australia, New Zealand"
Volkswagen Truck & Bus,Volkswagen Delivery,,Light,COE,-,Brazil,"Brazil, Mexico, Nigeria, South Africa"
Volkswagen Truck & Bus,Volkswagen Worker,,Medium,COE,-,Brazil,"Brazil, Mexico, Nigeria, South Africa"
Volvo Trucks,Volvo FE,,Medium,COE,-,Sweden,"Europe, Middle East, Australia"
Volvo Trucks,Volvo FM,,Heavy,COE,-,Sweden,"Europe, Africa, Asia, South America, Oceania"
Volvo Trucks,Volvo VHD,,Medium,COE,-,United States,"United States, Canada, Mexico"
Volvo Trucks,Volvo VM,,Medium,COE,-,Sweden,South America
Volvo Trucks,Volvo FH,,Heavy,COE,-,Sweden,"Europe, Africa, Asia, South America, Oceania"
Volvo Trucks,Volvo FMX,,Heavy,COE,-,Sweden,"Europe, Africa, Asia, South America, Oceania"
Volvo Trucks,Volvo VN,,Heavy,Conventional,-,United States,"United States, Canada, Mexico"
Volvo Trucks,Volvo VNX,,Heavy,Conventional,-,United States,"United States, Canada, Mexico"
Wanshan Special Vehicle,WS5250,,Military Heavy,Cabin before engine,,China,China
Wanshan Special Vehicle,WS5470,,Military Heavy,Cabin before engine,,China,China
Wuzheng Auto Works,A series,,Light,Cabin before engine,,China,China
Wuzheng Auto Works,V series,,Light,Cabin before engine,,China,China
Wuzheng Auto Works,D series,,Light,Cabin before engine,,China,China
Western Star,Western Star 4700,,Heavy,Conventional,"Western Star 4700SB(Australia, New Zealand)",United States/Canada,"North America, Australia, New Zealand"
Western Star,Western Star 4800,,Heavy,Conventional,-,United States/Canada,North America
Western Star,Western Star 4900,,Heavy,Conventional,"Western Star 4800/4900/5800/6900(Australia, New Zealand)",United State/Canada,"North America, Australia, New Zealand"
Western Star,Western Star 6900,,Heavy,Conventional,-,United States/Canada,North America
Yulon,Yue Loong Homer,,Light,COE,"Nissan Cabstar(Europe, Australia, China), Nissan Atlas H41 Series(Malaysia), UD Kuzer UE Series(Malaysia), Nissan Atlas, Renault Maxity, Renault Samsung SV110, UD Condor, Dong Feng Pahlawan, Isuzu N-Series",Taiwan,Taiwan
Zastava Trucks,Zastava EuroZeta,,Light,COE,-,Serbia,Europe
Zastava Trucks,Zastava ZK- 101,,Light,COE,-,Serbia,Europe
ZiL,ZIL-4327,,Medium,Conventional,-,Russia,Russia
ZiL,ZIL-4331,,Heavy,Conventional,"ZIL-432930, ZIL-433360",Russia,Russia
ZiL,"ZIL-5301 ""Bychok""",,Medium,Conventional,-,Russia,"Russia, Eastern Europe"
